"Reference","Qty","Value","DNP","Exclude from BOM","Exclude from Board","Footprint","Datasheet"
"C1","1","4.7u","","","","Capacitor_SMD:C_0603_1608Metric","~"
"C2,C3,C4,C5,C7,C10,C11,C12,C13,C14,C15,C16,C17,C18,C19,C20,C21,C22,C23,C24,C25,C26,C27,C28,C29,C30,C31,C32,C33","29","100n","","","","Capacitor_SMD:C_0603_1608Metric","~"
"C6","1","10n","","","","Capacitor_SMD:C_0603_1608Metric","~"
"C8,C9","2","1u","","","","Capacitor_SMD:C_0603_1608Metric","~"
"D1,D2,D3,D4,D5,D6,D7,D8,D9,D10,D11,D12,D13,D14,D15,D16,D17,D18,D19,D20,D21,D22,D23,D24,D25,D26,D27,D28,D29,D30,D31,D32,D33,D34,D35,D36,D37,D38,D39,D40,D41,D42,D43,D44,D45,D46,D47,D48,D49,D50,D51,D52,D53,D54,D55,D56,D57,D58,D59,D60,D61,D62,D63,D64,D65,D66,D67,D68,D69,D70,D71,D72,D73,D74,D75,D76,D77,D78,D79,D80,D81,D82,D83,D84","84","D","","","","Diode_SMD:D_SOD-123","~"
"J1","1","USB_C_Receptacle_USB2.0_14P","","","","keyboard:USB_C_Receptacle_HRO_TYPE-C-31-M-12","https://www.usb.org/sites/default/files/documents/usb_type-c.zip"
"LED1,LED2,LED3,LED4,LED5,LED6,LED7,LED8,LED9,LED10,LED11,LED12,LED13,LED14,LED15,LED16,LED17,LED18,LED19,LED20,LED21,LED22,LED23,LED24,LED25,LED26,LED27,LED28,LED29,LED30,LED31,LED32,LED33,LED34,LED35,LED36,LED37,LED38,LED39,LED40,LED41,LED42,LED43,LED44,LED45,LED46,LED47,LED48,LED49,LED50,LED51,LED52,LED53,LED54,LED55,LED56,LED57,LED58,LED59,LED60,LED61,LED62,LED63,LED64,LED65,LED66,LED67,LED68,LED69,LED70,LED71,LED72,LED73,LED74,LED75,LED76,LED77,LED78,LED79,LED80,LED81,LED82,LED83,LED84","84","SK6812MINI-E","","","","keyboard:LED_6028R",""
"R1","1","10k","","","","Resistor_SMD:R_0603_1608Metric","~"
"R2,R3","2","5.1k","","","","Resistor_SMD:R_0603_1608Metric","~"
"S1","1","ESC","","","","keyboard:MX-Hotswap-1U","~"
"S2","1","F1","","","","keyboard:MX-Hotswap-1U","~"
"S3","1","F2","","","","keyboard:MX-Hotswap-1U","~"
"S4","1","F3","","","","keyboard:MX-Hotswap-1U","~"
"S5","1","F4","","","","keyboard:MX-Hotswap-1U","~"
"S6","1","F5","","","","keyboard:MX-Hotswap-1U","~"
"S7","1","F6","","","","keyboard:MX-Hotswap-1U","~"
"S8","1","F7","","","","keyboard:MX-Hotswap-1U","~"
"S9","1","F8","","","","keyboard:MX-Hotswap-1U","~"
"S10","1","F9","","","","keyboard:MX-Hotswap-1U","~"
"S11","1","F10","","","","keyboard:MX-Hotswap-1U","~"
"S12","1","F11","","","","keyboard:MX-Hotswap-1U","~"
"S13","1","F12","","","","keyboard:MX-Hotswap-1U","~"
"S14","1","F13","","","","keyboard:MX-Hotswap-1U","~"
"S15","1","F14","","","","keyboard:MX-Hotswap-1U","~"
"S16","1","Magic","","","","keyboard:MX-Hotswap-1U","~"
"S17","1","GRV","","","","keyboard:MX-Hotswap-1U","~"
"S18","1","#1","","","","keyboard:MX-Hotswap-1U","~"
"S19","1","#2","","","","keyboard:MX-Hotswap-1U","~"
"S20","1","#3","","","","keyboard:MX-Hotswap-1U","~"
"S21","1","#4","","","","keyboard:MX-Hotswap-1U","~"
"S22","1","#5","","","","keyboard:MX-Hotswap-1U","~"
"S23","1","#6","","","","keyboard:MX-Hotswap-1U","~"
"S24","1","#7","","","","keyboard:MX-Hotswap-1U","~"
"S25","1","#8","","","","keyboard:MX-Hotswap-1U","~"
"S26","1","#9","","","","keyboard:MX-Hotswap-1U","~"
"S27","1","#0","","","","keyboard:MX-Hotswap-1U","~"
"S28","1","-","","","","keyboard:MX-Hotswap-1U","~"
"S29","1","=","","","","keyboard:MX-Hotswap-1U","~"
"S30","1","Backspace","","","","keyboard:MX-Hotswap-2U","~"
"S31","1","pgup","","","","keyboard:MX-Hotswap-1U","~"
"S32","1","Tab","","","","keyboard:MX-Hotswap-1.5U","~"
"S33","1","Q","","","","keyboard:MX-Hotswap-1U","~"
"S34","1","W","","","","keyboard:MX-Hotswap-1U","~"
"S35","1","E","","","","keyboard:MX-Hotswap-1U","~"
"S36","1","R","","","","keyboard:MX-Hotswap-1U","~"
"S37","1","T","","","","keyboard:MX-Hotswap-1U","~"
"S38","1","Y","","","","keyboard:MX-Hotswap-1U","~"
"S39","1","U","","","","keyboard:MX-Hotswap-1U","~"
"S40","1","I","","","","keyboard:MX-Hotswap-1U","~"
"S41","1","O","","","","keyboard:MX-Hotswap-1U","~"
"S42","1","P","","","","keyboard:MX-Hotswap-1U","~"
"S43","1","{","","","","keyboard:MX-Hotswap-1U","~"
"S44","1","}","","","","keyboard:MX-Hotswap-1U","~"
"S45","1","|","","","","keyboard:MX-Hotswap-1.5U","~"
"S46","1","pgdn","","","","keyboard:MX-Hotswap-1U","~"
"S47","1","CAPS","","","","keyboard:MX-Hotswap-1.75U","~"
"S48","1","A","","","","keyboard:MX-Hotswap-1U","~"
"S49","1","S","","","","keyboard:MX-Hotswap-1U","~"
"S50","1","D","","","","keyboard:MX-Hotswap-1U","~"
"S51","1","F","","","","keyboard:MX-Hotswap-1U","~"
"S52","1","G","","","","keyboard:MX-Hotswap-1U","~"
"S53","1","H","","","","keyboard:MX-Hotswap-1U","~"
"S54","1","J","","","","keyboard:MX-Hotswap-1U","~"
"S55","1","K","","","","keyboard:MX-Hotswap-1U","~"
"S56","1","L","","","","keyboard:MX-Hotswap-1U","~"
"S57","1",":","","","","keyboard:MX-Hotswap-1U","~"
"S58","1","""","","","","keyboard:MX-Hotswap-1U","~"
"S59","1","Enter","","","","keyboard:MX-Hotswap-2.25U","~"
"S60","1","Home","","","","keyboard:MX-Hotswap-1U","~"
"S61","1","LSHIFT","","","","keyboard:MX-Hotswap-2.25U","~"
"S62","1","Z","","","","keyboard:MX-Hotswap-1U","~"
"S63","1","X","","","","keyboard:MX-Hotswap-1U","~"
"S64","1","C","","","","keyboard:MX-Hotswap-1U","~"
"S65","1","V","","","","keyboard:MX-Hotswap-1U","~"
"S66","1","B","","","","keyboard:MX-Hotswap-1U","~"
"S67","1","N","","","","keyboard:MX-Hotswap-1U","~"
"S68","1","M","","","","keyboard:MX-Hotswap-1U","~"
"S69","1","<","","","","keyboard:MX-Hotswap-1U","~"
"S70","1",">","","","","keyboard:MX-Hotswap-1U","~"
"S71","1","?","","","","keyboard:MX-Hotswap-1U","~"
"S72","1","RSHIFT","","","","keyboard:MX-Hotswap-1.75U","~"
"S73","1","UP","","","","keyboard:MX-Hotswap-1U","~"
"S74","1","End","","","","keyboard:MX-Hotswap-1U","~"
"S75","1","LCtrl","","","","keyboard:MX-Hotswap-1.25U","~"
"S76","1","LWin","","","","keyboard:MX-Hotswap-1.25U","~"
"S77","1","Alt","","","","keyboard:MX-Hotswap-1.25U","~"
"S78","1","Space","","","","keyboard:MX-Hotswap-6.25U","~"
"S79","1","RWin","","","","keyboard:MX-Hotswap-1U","~"
"S80","1","Fn","","","","keyboard:MX-Hotswap-1U","~"
"S81","1","RCtrl","","","","keyboard:MX-Hotswap-1U","~"
"S82","1","LEFT","","","","keyboard:MX-Hotswap-1U","~"
"S83","1","DOWN","","","","keyboard:MX-Hotswap-1U","~"
"S84","1","RIGHT","","","","keyboard:MX-Hotswap-1U","~"
"SW1","1","SW_Push","","","","Button_Switch_SMD:SW_Push_1P1T_NO_CK_KMR2","~"
"U1","1","STM32F072C8Tx","","","","Package_QFP:LQFP-48_7x7mm_P0.5mm","https://www.st.com/resource/en/datasheet/stm32f072c8.pdf"
"U2","1","MCP1700x-330xxTT","","","","Package_TO_SOT_SMD:SOT-23","http://ww1.microchip.com/downloads/en/DeviceDoc/20001826D.pdf"
"U3","1","USBLC6-2P6","","","","Package_TO_SOT_SMD:SOT-666","https://www.st.com/resource/en/datasheet/usblc6-2.pdf"
"U4","1","SN74LV1T125DBV","","","","Package_TO_SOT_SMD:SOT-23-5","https://www.ti.com/lit/ds/symlink/sn74lv1t125.pdf"
